stateName,total_approved_Ihp_amount
California                    ,262431809.07
Hawaii                        ,66430107.65
Oregon                        ,39007868.910000004
New Mexico                    ,15115461.67
Texas                         ,13653576.11
Oklahoma                      ,8874655.370000001
Washington                    ,4255058.66
Tennessee                     ,3433359.29
Colorado                      ,2134406.55
Arizona                       ,977613.51
